{
  "Delete list" : {
    "transaction" : "Delete list",
    "sampleCount" : 1160,
    "errorCount" : 0,
    "errorPct" : 0.0,
    "meanResTime" : 7765.628448275855,
    "medianResTime" : 7232.5,
    "minResTime" : 13.0,
    "maxResTime" : 29593.0,
    "pct1ResTime" : 13721.0,
    "pct2ResTime" : 16491.9,
    "pct3ResTime" : 20722.150000000038,
    "throughput" : 0.9237375056539106,
    "receivedKBytesPerSec" : 0.44563117948538267,
    "sentKBytesPerSec" : 0.6188319617954908
  },
  "Edit item" : {
    "transaction" : "Edit item",
    "sampleCount" : 1182,
    "errorCount" : 0,
    "errorPct" : 0.0,
    "meanResTime" : 12436.027918781727,
    "medianResTime" : 12912.5,
    "minResTime" : 2968.0,
    "maxResTime" : 27125.0,
    "pct1ResTime" : 16895.9,
    "pct2ResTime" : 18604.899999999998,
    "pct3ResTime" : 22691.190000000002,
    "throughput" : 0.9281216137694929,
    "receivedKBytesPerSec" : 0.44502706285236426,
    "sentKBytesPerSec" : 1.0947615750192377
  },
  "Add item" : {
    "transaction" : "Add item",
    "sampleCount" : 1186,
    "errorCount" : 0,
    "errorPct" : 0.0,
    "meanResTime" : 13027.2925801012,
    "medianResTime" : 12556.0,
    "minResTime" : 1644.0,
    "maxResTime" : 34073.0,
    "pct1ResTime" : 19452.5,
    "pct2ResTime" : 22643.399999999994,
    "pct3ResTime" : 31819.679999999997,
    "throughput" : 0.9066231650627489,
    "receivedKBytesPerSec" : 0.4356040988387426,
    "sentKBytesPerSec" : 1.0678269605343724
  },
  "Total" : {
    "transaction" : "Total",
    "sampleCount" : 11920,
    "errorCount" : 0,
    "errorPct" : 0.0,
    "meanResTime" : 11479.380788590637,
    "medianResTime" : 11035.0,
    "minResTime" : 13.0,
    "maxResTime" : 40384.0,
    "pct1ResTime" : 19021.0,
    "pct2ResTime" : 22226.399999999987,
    "pct3ResTime" : 29800.169999999976,
    "throughput" : 8.61836478096556,
    "receivedKBytesPerSec" : 2269.795579855937,
    "sentKBytesPerSec" : 6.381562154759297
  },
  "Delete item" : {
    "transaction" : "Delete item",
    "sampleCount" : 1170,
    "errorCount" : 0,
    "errorPct" : 0.0,
    "meanResTime" : 7685.3940170940205,
    "medianResTime" : 6860.5,
    "minResTime" : 533.0,
    "maxResTime" : 31497.0,
    "pct1ResTime" : 13149.8,
    "pct2ResTime" : 15022.15,
    "pct3ResTime" : 20421.61,
    "throughput" : 0.9310557216955082,
    "receivedKBytesPerSec" : 0.4418877741640791,
    "sentKBytesPerSec" : 0.6237345948077331
  },
  "Add list" : {
    "transaction" : "Add list",
    "sampleCount" : 1208,
    "errorCount" : 0,
    "errorPct" : 0.0,
    "meanResTime" : 12415.633278145693,
    "medianResTime" : 11180.5,
    "minResTime" : 891.0,
    "maxResTime" : 31943.0,
    "pct1ResTime" : 18521.000000000004,
    "pct2ResTime" : 21040.3,
    "pct3ResTime" : 29668.480000000003,
    "throughput" : 0.8858591073356175,
    "receivedKBytesPerSec" : 0.4247625211931525,
    "sentKBytesPerSec" : 0.6635292337172056
  },
  "Get lists" : {
    "transaction" : "Get lists",
    "sampleCount" : 1222,
    "errorCount" : 0,
    "errorPct" : 0.0,
    "meanResTime" : 14931.078559738116,
    "medianResTime" : 13679.0,
    "minResTime" : 4566.0,
    "maxResTime" : 40384.0,
    "pct1ResTime" : 22220.4,
    "pct2ResTime" : 24842.49999999999,
    "pct3ResTime" : 34443.49,
    "throughput" : 0.888528888459086,
    "receivedKBytesPerSec" : 952.4712411369788,
    "sentKBytesPerSec" : 0.5171515796109523
  },
  "Edit list" : {
    "transaction" : "Edit list",
    "sampleCount" : 1196,
    "errorCount" : 0,
    "errorPct" : 0.0,
    "meanResTime" : 13810.264214046829,
    "medianResTime" : 12994.0,
    "minResTime" : 2595.0,
    "maxResTime" : 34195.0,
    "pct1ResTime" : 20065.6,
    "pct2ResTime" : 22736.44999999999,
    "pct3ResTime" : 29885.0,
    "throughput" : 0.9023459485723166,
    "receivedKBytesPerSec" : 0.4397174104859239,
    "sentKBytesPerSec" : 0.6741158697830296
  },
  "Login" : {
    "transaction" : "Login",
    "sampleCount" : 1244,
    "errorCount" : 0,
    "errorPct" : 0.0,
    "meanResTime" : 5306.981511254019,
    "medianResTime" : 4757.5,
    "minResTime" : 262.0,
    "maxResTime" : 20457.0,
    "pct1ResTime" : 9510.5,
    "pct2ResTime" : 11394.0,
    "pct3ResTime" : 13827.749999999998,
    "throughput" : 0.8995133661612328,
    "receivedKBytesPerSec" : 0.6386193527336096,
    "sentKBytesPerSec" : 0.42164689038807784
  },
  "Get items" : {
    "transaction" : "Get items",
    "sampleCount" : 1173,
    "errorCount" : 0,
    "errorPct" : 0.0,
    "meanResTime" : 18501.203751065637,
    "medianResTime" : 17704.0,
    "minResTime" : 6191.0,
    "maxResTime" : 40239.0,
    "pct1ResTime" : 25405.80000000002,
    "pct2ResTime" : 29618.6,
    "pct3ResTime" : 36434.72,
    "throughput" : 0.8808680417620064,
    "receivedKBytesPerSec" : 1198.8151456842065,
    "sentKBytesPerSec" : 0.5144131728258592
  },
  "Show item image" : {
    "transaction" : "Show item image",
    "sampleCount" : 1179,
    "errorCount" : 0,
    "errorPct" : 0.0,
    "meanResTime" : 9007.369804919428,
    "medianResTime" : 8737.0,
    "minResTime" : 452.0,
    "maxResTime" : 27020.0,
    "pct1ResTime" : 14148.0,
    "pct2ResTime" : 15554.0,
    "pct3ResTime" : 20851.80000000001,
    "throughput" : 0.9244086215413083,
    "receivedKBytesPerSec" : 179.32263417989117,
    "sentKBytesPerSec" : 0.5461593906567299
  }
}